"","ID","Description","setSize","enrichmentScore","NES","pvalue","p.adjust","qvalue","rank","leading_edge","core_enrichment"
"NABA_SECRETED_FACTORS","NABA_SECRETED_FACTORS","NABA_SECRETED_FACTORS",62,0.43072953071317,2.05232641232544,6.38643537568461e-06,0.000140501578265061,0.00012100614396034,379,"tags=29%, list=5%, signal=28%","S100a4/Il23a/S100a8/S100a9/S100a10/Ccl17/S100a6/Ccl2/Cxcl3/Ccl9/Osm/Cxcl2/S100a11/Il18/Ccl6/Inhba/Ccl24/Areg"
"NABA_MATRISOME","NABA_MATRISOME","NABA_MATRISOME",181,0.242460334536344,1.40782532674665,0.000898506241267372,0.0085885427829163,0.00739683110490399,379,"tags=17%, list=5%, signal=17%","S100a4/Il23a/S100a8/Mmp8/Vcan/S100a9/S100a10/Ccl17/S100a6/Ccl2/Cxcl3/Timp1/Ccl9/F10/Osm/Cxcl2/S100a11/Il18/Tgfbi/Ccl6/Clec5a/Clec4e/Inhba/Sema4a/Fam20a/Thbs1/Emilin2/Mmp19/Ccl24/Tgm2/Areg"
"NABA_MATRISOME_ASSOCIATED","NABA_MATRISOME_ASSOCIATED","NABA_MATRISOME_ASSOCIATED",154,0.251234304857241,1.38309363023149,0.00117116492494313,0.0085885427829163,0.00739683110490399,379,"tags=18%, list=5%, signal=17%","S100a4/Il23a/S100a8/Mmp8/S100a9/S100a10/Ccl17/S100a6/Ccl2/Cxcl3/Timp1/Ccl9/F10/Osm/Cxcl2/S100a11/Il18/Ccl6/Clec5a/Clec4e/Inhba/Sema4a/Fam20a/Mmp19/Ccl24/Tgm2/Areg"
"SA_MMP_CYTOKINE_CONNECTION","SA_MMP_CYTOKINE_CONNECTION","SA_MMP_CYTOKINE_CONNECTION",11,0.582510332922528,1.7708485449804,0.0164609053497942,0.0905349794238683,0.0779727095516569,465,"tags=27%, list=7%, signal=26%","Sell/Cd44/Tgfb1"
"SIG_REGULATION_OF_THE_ACTIN_CYTOSKELETON_BY_RHO_GTPASES","SIG_REGULATION_OF_THE_ACTIN_CYTOSKELETON_BY_RHO_GTPASES","SIG_REGULATION_OF_THE_ACTIN_CYTOSKELETON_BY_RHO_GTPASES",18,-0.533980351030636,-1.3897917388197,0.0675767918088737,0.297337883959044,0.2560804742231,776,"tags=22%, list=11%, signal=20%","Rock2/Gdi1/Cfl2/Wasl"
"SIG_CHEMOTAXIS","SIG_CHEMOTAXIS","SIG_CHEMOTAXIS",31,-0.439887936798593,-1.26182578706319,0.141949380721594,0.463103122043519,0.398844794104467,1146,"tags=23%, list=16%, signal=19%","Pdpk1/Arhgef11/Rock2/Pik3ca/Gdi1/Cfl2/Wasl"
"NABA_ECM_REGULATORS","NABA_ECM_REGULATORS","NABA_ECM_REGULATORS",55,-0.396504743175061,-1.22989753060176,0.147350993377483,0.463103122043519,0.398844794104467,1837,"tags=38%, list=26%, signal=28%","Mmp9/Ctso/Adam19/Ctsa/Mmp14/Egln3/Ctsd/P4ha1/Ctsb/Ctsl/Mmp25/Mmp13/F13a1/Fam20b/Serpine1/Plau/Timp2/Mmp12/Mmp2/Serpinb6a/Serpinb2"
"SIG_INSULIN_RECEPTOR_PATHWAY_IN_CARDIAC_MYOCYTES","SIG_INSULIN_RECEPTOR_PATHWAY_IN_CARDIAC_MYOCYTES","SIG_INSULIN_RECEPTOR_PATHWAY_IN_CARDIAC_MYOCYTES",40,-0.395701161207356,-1.17919791176519,0.22567025543593,0.620593202448807,0.534482183927202,2065,"tags=35%, list=29%, signal=25%","Rps6kb1/Gsk3b/Ywhag/Inppl1/Mapk3/Ywhaq/Gsk3a/Pdpk1/Sos1/Rps6ka2/Irs2/Pik3ca/Flot2/Serpinb6a"
"SA_G1_AND_S_PHASES","SA_G1_AND_S_PHASES","SA_G1_AND_S_PHASES",11,0.361004136357153,1.09746319244262,0.323339212228101,0.737288367012562,0.634985196470149,4491,"tags=100%, list=64%, signal=36%","Nxt1/Ccnd1/Cdkn1a/Arf1/Mdm2/Cfl1/Cdk4/Cdkn1b/Arf3/E2f1/Trp53"
"WNT_SIGNALING","WNT_SIGNALING","WNT_SIGNALING",36,-0.368792541412235,-1.08318092714407,0.371401253585467,0.737288367012562,0.634985196470149,2935,"tags=61%, list=42%, signal=36%","Hprt/Ctnnbip1/Gapdh/Ctbp1/Fbxw11/Csnk1d/Jun/Fbxw4/Gsk3b/Ppp2r1a/Nlk/Gsk3a/Daam1/Myc/Axin1/Csnk2a1/Lrp6/Ep300/Fzd7/Tle1/Ctnnb1/Btrc"
"SA_B_CELL_RECEPTOR_COMPLEXES","SA_B_CELL_RECEPTOR_COMPLEXES","SA_B_CELL_RECEPTOR_COMPLEXES",21,-0.403158961009898,-1.08081614604087,0.384563683208245,0.737288367012562,0.634985196470149,3392,"tags=71%, list=48%, signal=37%","Hras/Rps6ka1/Rps6ka3/Map3k1/Mapk1/Fos/Vav1/Jun/Mapk3/Map2k1/Mapk8ip3/Blnk/Sos1/Vav2/Atf2"
"SA_PTEN_PATHWAY","SA_PTEN_PATHWAY","SA_PTEN_PATHWAY",17,-0.410283293253672,-1.05508584936359,0.422346752058554,0.737288367012562,0.634985196470149,1146,"tags=29%, list=16%, signal=25%","Mapk3/Pdpk1/Sos1/Pik3ca/Bpnt1"
"SIG_BCR_SIGNALING_PATHWAY","SIG_BCR_SIGNALING_PATHWAY","SIG_BCR_SIGNALING_PATHWAY",39,-0.348989881862249,-1.03657371222367,0.439119856130329,0.737288367012562,0.634985196470149,2591,"tags=41%, list=37%, signal=26%","Itpr2/Raf1/Vav1/Nfatc2/Gsk3b/Mapk3/Bad/Gsk3a/Blnk/Pdpk1/Sos1/Ppp3cb/Pik3ca/Flot2/Cd22/Cd81"
"NABA_ECM_GLYCOPROTEINS","NABA_ECM_GLYCOPROTEINS","NABA_ECM_GLYCOPROTEINS",23,-0.360495659083329,-0.982847181743554,0.525820035460993,0.737288367012562,0.634985196470149,1699,"tags=26%, list=24%, signal=20%","Ecm1/Mfap3/Ints14/Emilin1/Gas6/Igfbp4"
"SIG_PIP3_SIGNALING_IN_CARDIAC_MYOCTES","SIG_PIP3_SIGNALING_IN_CARDIAC_MYOCTES","SIG_PIP3_SIGNALING_IN_CARDIAC_MYOCTES",50,-0.320247210717519,-0.982271142965145,0.529356652092442,0.737288367012562,0.634985196470149,2065,"tags=34%, list=29%, signal=24%","Rps6kb1/Foxo3/Gsk3b/Ywhag/Inppl1/Ywhaq/Bad/Tsc1/Gsk3a/Pdpk1/Sos1/Rps6ka2/Myc/Irs2/Igf1/Pik3ca/Ifi27"
"NABA_CORE_MATRISOME","NABA_CORE_MATRISOME","NABA_CORE_MATRISOME",27,-0.346698771724471,-0.973829700182192,0.536209721463681,0.737288367012562,0.634985196470149,749,"tags=30%, list=11%, signal=27%","Ecm1/Mfap3/Ints14/Col14a1/Emilin1/Gas6/Igfbp4/Prg4"
"SA_TRKA_RECEPTOR","SA_TRKA_RECEPTOR","SA_TRKA_RECEPTOR",13,-0.363889640789867,-0.882924962992566,0.653759886672176,0.841600600900177,0.72482348402886,1566,"tags=23%, list=22%, signal=18%","Map2k1/Sos1/Pik3ca"
"SIG_IL4RECEPTOR_IN_B_LYPHOCYTES","SIG_IL4RECEPTOR_IN_B_LYPHOCYTES","SIG_IL4RECEPTOR_IN_B_LYPHOCYTES",26,-0.306956888343597,-0.856811082928054,0.704112885583023,0.841600600900177,0.72482348402886,2569,"tags=42%, list=37%, signal=27%","Jak1/Raf1/Jak3/Gsk3b/Mapk3/Bad/Gsk3a/Pdpk1/Sos1/Irs2/Pik3ca"
"SIG_CD40PATHWAYMAP","SIG_CD40PATHWAYMAP","SIG_CD40PATHWAYMAP",22,-0.308521531771479,-0.834258805431349,0.726836882595607,0.841600600900177,0.72482348402886,1849,"tags=55%, list=26%, signal=40%","Traf3/Dusp1/Mapk9/Nfkb2/Mapk1/Cd40/Mapk3/Mapk8ip3/Traf5/Mapk8/Pik3ca/Mapkapk5"
"SIG_PIP3_SIGNALING_IN_B_LYMPHOCYTES","SIG_PIP3_SIGNALING_IN_B_LYMPHOCYTES","SIG_PIP3_SIGNALING_IN_B_LYMPHOCYTES",30,-0.243988029357896,-0.696436983908656,0.884902193883065,0.973392413271371,0.838328394205009,2729,"tags=37%, list=39%, signal=23%","Cyth3/Itpr2/Prex1/Vav1/Tec/Rps6kb1/Foxo3/Pdpk1/Rps6ka2/Pik3ca/Flot2"
"NABA_ECM_AFFILIATED","NABA_ECM_AFFILIATED","NABA_ECM_AFFILIATED",37,-0.213992452639234,-0.63128033420991,0.941919728180081,0.986773048569608,0.849852386327892,1104,"tags=24%, list=16%, signal=21%","Sdc3/Lman1/Plxdc2/Anxa3/C1qb/Plxnd1/C1qa/C1qc/Plxna4"
"SA_CASPASE_CASCADE","SA_CASPASE_CASCADE","SA_CASPASE_CASCADE",11,-0.204495552241354,-0.478423515324341,0.989880737260571,0.989880737260571,0.852528864626329,2296,"tags=73%, list=33%, signal=49%","Apaf1/Xiap/Birc3/Parp1/Casp7/Birc2/Srebf2/Scap"
