"","ID","Description","setSize","enrichmentScore","NES","pvalue","p.adjust","qvalue","rank","leading_edge","core_enrichment"
"SIG_CD40PATHWAYMAP","SIG_CD40PATHWAYMAP","SIG_CD40PATHWAYMAP",22,-0.649389452152231,-1.84473786474327,0.00327552986512524,0.0655105973025048,0.0551668187810567,1861,"tags=77%, list=29%, signal=55%","Nfkbib/Traf5/Mapk1/Map2k4/Mapk14/Pik3r1/Mapk8ip3/Mapkapk5/Traf2/Nfkbie/Nfkb2/Traf3/Traf6/Mapk3/Dusp1/Nfkbia/Nfkb1"
"SA_B_CELL_RECEPTOR_COMPLEXES","SA_B_CELL_RECEPTOR_COMPLEXES","SA_B_CELL_RECEPTOR_COMPLEXES",17,-0.618110571512236,-1.65066650108222,0.0196734212079481,0.183295867196957,0.154354414481648,463,"tags=29%, list=7%, signal=27%","Vav3/Mapk3/Jun/Fos/Lyn"
"SIG_PIP3_SIGNALING_IN_B_LYMPHOCYTES","SIG_PIP3_SIGNALING_IN_B_LYMPHOCYTES","SIG_PIP3_SIGNALING_IN_B_LYMPHOCYTES",25,-0.529326817998124,-1.55108599484451,0.0333205668326312,0.183295867196957,0.154354414481648,946,"tags=40%, list=15%, signal=34%","Rps6ka3/Akt3/Flot1/Tec/Ppp1r13b/Itpr2/Itpr1/Cyth3/Dapp1/Lyn"
"NABA_MATRISOME","NABA_MATRISOME","NABA_MATRISOME",84,-0.375136408005809,-1.41427709453097,0.0366591734393913,0.183295867196957,0.154354414481648,638,"tags=25%, list=10%, signal=23%","Sema6d/Flt3l/Cxcl10/Serpinb1a/Podnl1/Spock2/Tnf/Adam9/Lman1/Ctsz/Areg/Xcl1/Fgl2/Tnfsf8/Igfbp7/Cst3/Cela2a/Plxdc2/Adamts6/Tnfsf11/Spp1"
"NABA_CORE_MATRISOME","NABA_CORE_MATRISOME","NABA_CORE_MATRISOME",15,-0.518617178862419,-1.34679450980729,0.134611543838626,0.336528859596565,0.283392723870791,451,"tags=47%, list=7%, signal=43%","Srgn/Ints6l/Podnl1/Spock2/Fgl2/Igfbp7/Spp1"
"SA_CASPASE_CASCADE","SA_CASPASE_CASCADE","SA_CASPASE_CASCADE",14,0.51258491376863,1.34574119192126,0.127130539402446,0.336528859596565,0.283392723870791,120,"tags=21%, list=2%, signal=21%","Casp3/Fasl/Prf1"
"SIG_IL4RECEPTOR_IN_B_LYPHOCYTES","SIG_IL4RECEPTOR_IN_B_LYPHOCYTES","SIG_IL4RECEPTOR_IN_B_LYPHOCYTES",24,-0.461928778144371,-1.34163311711901,0.120898100172712,0.336528859596565,0.283392723870791,1538,"tags=46%, list=24%, signal=35%","Mapk1/Stat6/Pik3r1/Gsk3a/Grb2/Akt3/Ppp1r13b/Bcl2/Mapk3/Il4ra/Irs2"
"NABA_MATRISOME_ASSOCIATED","NABA_MATRISOME_ASSOCIATED","NABA_MATRISOME_ASSOCIATED",69,-0.343806074435874,-1.25043855283306,0.132930513595166,0.336528859596565,0.283392723870791,638,"tags=23%, list=10%, signal=21%","Sema6d/Flt3l/Cxcl10/Serpinb1a/Tnf/Adam9/Lman1/Ctsz/Areg/Xcl1/Tnfsf8/Cst3/Cela2a/Plxdc2/Adamts6/Tnfsf11"
"NABA_ECM_GLYCOPROTEINS","NABA_ECM_GLYCOPROTEINS","NABA_ECM_GLYCOPROTEINS",12,-0.5146081180683,-1.267712320842,0.197426618415762,0.385050962627407,0.324253442212553,209,"tags=33%, list=3%, signal=32%","Ints6l/Fgl2/Igfbp7/Spp1"
"NABA_ECM_REGULATORS","NABA_ECM_REGULATORS","NABA_ECM_REGULATORS",28,-0.406809870395924,-1.22449110779869,0.200380952380952,0.385050962627407,0.324253442212553,457,"tags=29%, list=7%, signal=27%","Adam8/Serpinb6a/Serpinb1a/Adam9/Ctsz/Cst3/Cela2a/Adamts6"
"SIG_BCR_SIGNALING_PATHWAY","SIG_BCR_SIGNALING_PATHWAY","SIG_BCR_SIGNALING_PATHWAY",33,-0.385406775680684,-1.20797622730628,0.211778029445074,0.385050962627407,0.324253442212553,1164,"tags=33%, list=18%, signal=27%","Grb2/Inpp5d/Akt3/Flot1/Ppp1r13b/Itpr2/Nfatc2/Itpr1/Bcl2/Mapk3/Lyn"
"NABA_SECRETED_FACTORS","NABA_SECRETED_FACTORS","NABA_SECRETED_FACTORS",27,0.359498984167703,1.11897390612832,0.29299767294267,0.48832945490445,0.411224804130063,258,"tags=19%, list=4%, signal=18%","Ccl5/Fasl/Ifng/Ccl4/Fgf13"
"SIG_PIP3_SIGNALING_IN_CARDIAC_MYOCTES","SIG_PIP3_SIGNALING_IN_CARDIAC_MYOCTES","SIG_PIP3_SIGNALING_IN_CARDIAC_MYOCTES",38,-0.326220905901144,-1.05404188160829,0.371243042671614,0.571143142571714,0.48096264637618,1488,"tags=29%, list=23%, signal=22%","Ifi27/Pak2/Gsk3a/Grb2/Rps6ka3/Akt3/Creb1/Ppp1r13b/Nolc1/Cyth3/Irs2"
"SIG_INSULIN_RECEPTOR_PATHWAY_IN_CARDIAC_MYOCYTES","SIG_INSULIN_RECEPTOR_PATHWAY_IN_CARDIAC_MYOCYTES","SIG_INSULIN_RECEPTOR_PATHWAY_IN_CARDIAC_MYOCYTES",38,-0.292031561246301,-0.943573789223477,0.547124304267161,0.741774675972084,0.624652358713334,946,"tags=29%, list=15%, signal=25%","Pik3r1/Cbl/Gsk3a/Grb2/Rps6ka3/Akt3/Flot1/Serpinb6a/Cyth3/Mapk3/Irs2"
"NABA_ECM_AFFILIATED","NABA_ECM_AFFILIATED","NABA_ECM_AFFILIATED",14,-0.36303577699613,-0.926722744364798,0.556331006979063,0.741774675972084,0.624652358713334,1260,"tags=36%, list=20%, signal=29%","Anxa5/Sema4d/Sema6d/Lman1/Plxdc2"
"SIG_REGULATION_OF_THE_ACTIN_CYTOSKELETON_BY_RHO_GTPASES","SIG_REGULATION_OF_THE_ACTIN_CYTOSKELETON_BY_RHO_GTPASES","SIG_REGULATION_OF_THE_ACTIN_CYTOSKELETON_BY_RHO_GTPASES",16,0.323909785545966,0.880716120359575,0.626254516258531,0.782818145323163,0.659215280272138,3036,"tags=69%, list=48%, signal=36%","Gdi2/Actr2/Flna/Akt1/Rock2/Vasp/Actg1/Pfn1/Cdc42/Cfl1/Cfl2"
"SA_TRKA_RECEPTOR","SA_TRKA_RECEPTOR","SA_TRKA_RECEPTOR",12,-0.326995830460087,-0.805538483718976,0.697225572979493,0.820265379975875,0.690749793663895,92,"tags=25%, list=1%, signal=25%","Grb2/Akt3/Cdkn1a"
"WNT_SIGNALING","WNT_SIGNALING","WNT_SIGNALING",31,0.251523513859198,0.810852962354773,0.774899129326821,0.860999032585357,0.725051816913985,2552,"tags=58%, list=40%, signal=35%","Ctbp1/Fbxw2/Csnk1d/Kremen1/Ctnnb1/Ppp2r1a/Gapdh/Lrp6/Ppp2ca/Actb/Hprt/Nlk/B2m/Csnk2a1/Rpl13a/Tle5/Apc/Fbxw4"
"SIG_CHEMOTAXIS","SIG_CHEMOTAXIS","SIG_CHEMOTAXIS",28,0.199152562342511,0.627748958496695,0.951388888888889,0.958857599360895,0.807459031040754,744,"tags=14%, list=12%, signal=13%","Racgap1/Pik3cg/Arhgap1/Gdi2"
"SA_PTEN_PATHWAY","SA_PTEN_PATHWAY","SA_PTEN_PATHWAY",15,-0.210050045703935,-0.545477974638933,0.958857599360895,0.958857599360895,0.807459031040754,1164,"tags=33%, list=18%, signal=27%","Ptk2b/Mapk1/Grb2/Akt3/Mapk3"
