"","ID","Description","setSize","enrichmentScore","NES","pvalue","p.adjust","qvalue","rank","leading_edge","core_enrichment"
"SIG_INSULIN_RECEPTOR_PATHWAY_IN_CARDIAC_MYOCYTES","SIG_INSULIN_RECEPTOR_PATHWAY_IN_CARDIAC_MYOCYTES","SIG_INSULIN_RECEPTOR_PATHWAY_IN_CARDIAC_MYOCYTES",31,-0.421351190810539,-1.29161724530224,0.0880986057789452,0.994797919167667,0.994797919167667,1251,"tags=42%, list=25%, signal=32%","Pten/Cap1/Mapk1/Gsk3b/Rps6ka1/Ywhah/Ywhae/Ywhab/Akt2/Serpinb6a/Sos1/Irs2/Cyth3"
"SIG_CD40PATHWAYMAP","SIG_CD40PATHWAYMAP","SIG_CD40PATHWAYMAP",17,-0.435439242690878,-1.21455167409372,0.193481419970936,0.994797919167667,0.994797919167667,1465,"tags=47%, list=29%, signal=33%","Traf5/Nfkbie/Mapk14/Mapk1/Nfkb1/Nfkb2/Dusp1/Nfkbia"
"SA_TRKA_RECEPTOR","SA_TRKA_RECEPTOR","SA_TRKA_RECEPTOR",11,-0.452079329743749,-1.14795038202825,0.280359657675225,0.994797919167667,0.994797919167667,1585,"tags=82%, list=32%, signal=56%","Akt3/Grb2/Pik3ca/Map2k1/Rhoa/Akt2/Map2k2/Sos1/Cdkn1a"
"SA_CASPASE_CASCADE","SA_CASPASE_CASCADE","SA_CASPASE_CASCADE",13,0.28585066449269,1.10930638821988,0.289644012944984,0.994797919167667,0.994797919167667,55,"tags=23%, list=1%, signal=23%","Prf1/Gzmb/Fasl"
"SIG_PIP3_SIGNALING_IN_CARDIAC_MYOCTES","SIG_PIP3_SIGNALING_IN_CARDIAC_MYOCTES","SIG_PIP3_SIGNALING_IN_CARDIAC_MYOCTES",32,-0.344710929104038,-1.06095820382747,0.393217601937828,0.994797919167667,0.994797919167667,1592,"tags=66%, list=32%, signal=45%","Grb2/Ywhaz/Pak2/Ywhaq/Bcl2l1/Pik3ca/Pdpk1/Ppp1r13b/Ifi27/Pten/Tsc1/Gsk3b/Rps6ka1/Ywhah/Ywhae/Ywhab/Akt2/Foxo3/Sos1/Irs2/Cyth3"
"SA_B_CELL_RECEPTOR_COMPLEXES","SA_B_CELL_RECEPTOR_COMPLEXES","SA_B_CELL_RECEPTOR_COMPLEXES",15,-0.371784741533626,-1.01124200092291,0.473252758801892,0.994797919167667,0.994797919167667,2695,"tags=80%, list=54%, signal=37%","Rac1/Grb2/Vav3/Jun/Lyn/Bcr/Map2k1/Mapk1/Rps6ka1/Atf2/Fos/Sos1"
"SA_PTEN_PATHWAY","SA_PTEN_PATHWAY","SA_PTEN_PATHWAY",14,-0.376111262935672,-1.00785818796651,0.479270490934153,0.994797919167667,0.994797919167667,2803,"tags=64%, list=56%, signal=28%","Akt3/Grb2/Ilk/Pik3ca/Pdpk1/Pten/Mapk1/Akt2/Sos1"
"SIG_IL4RECEPTOR_IN_B_LYPHOCYTES","SIG_IL4RECEPTOR_IN_B_LYPHOCYTES","SIG_IL4RECEPTOR_IN_B_LYPHOCYTES",21,-0.33739002518178,-0.977420999537751,0.532636540629163,0.994797919167667,0.994797919167667,2803,"tags=67%, list=56%, signal=29%","Akt3/Raf1/Grb2/Pik3ca/Stat6/Pdpk1/Ppp1r13b/Mapk1/Socs1/Gsk3b/Akt2/Sos1/Il4ra/Irs2"
"SIG_PIP3_SIGNALING_IN_B_LYMPHOCYTES","SIG_PIP3_SIGNALING_IN_B_LYMPHOCYTES","SIG_PIP3_SIGNALING_IN_B_LYMPHOCYTES",22,-0.319554340666386,-0.934017993824916,0.607460398569239,0.994797919167667,0.994797919167667,2527,"tags=59%, list=51%, signal=29%","Dapp1/Itpr2/Pik3ca/Tec/Lyn/Pdpk1/Bcr/Ppp1r13b/Pten/Rps6ka1/Akt2/Foxo3/Cyth3"
"WNT_SIGNALING","WNT_SIGNALING","WNT_SIGNALING",26,-0.295051933539426,-0.883790633544549,0.688253775210297,0.994797919167667,0.994797919167667,2461,"tags=54%, list=49%, signal=27%","Fbxw11/Tcf7/Apc/Jun/Senp2/Csnk1a1/Ctbp1/Ctnnb1/Axin1/Ccnd2/Gsk3b/Btrc/Ppp2ca/Csnk2a1"
"SIG_BCR_SIGNALING_PATHWAY","SIG_BCR_SIGNALING_PATHWAY","SIG_BCR_SIGNALING_PATHWAY",30,-0.286871892441367,-0.876004622757762,0.714199029126214,0.994797919167667,0.994797919167667,2803,"tags=57%, list=56%, signal=25%","Akt3/Raf1/Grb2/Itpr2/Pik3ca/Ppp3cb/Ppp3ca/Csk/Lyn/Pdpk1/Bcr/Ppp1r13b/Mapk1/Gsk3b/Akt2/Sos1/Cd81"
"NABA_CORE_MATRISOME","NABA_CORE_MATRISOME","NABA_CORE_MATRISOME",12,-0.320133847142737,-0.829984447698728,0.732495704467354,0.994797919167667,0.994797919167667,1444,"tags=33%, list=29%, signal=24%","Lamc1/Crim1/Ints6l/Fn1"
"NABA_ECM_AFFILIATED","NABA_ECM_AFFILIATED","NABA_ECM_AFFILIATED",10,-0.288489989161397,-0.716397498667857,0.859791552386177,0.994797919167667,0.994797919167667,1063,"tags=20%, list=21%, signal=16%","Plxdc2/Lgals9"
"SIG_REGULATION_OF_THE_ACTIN_CYTOSKELETON_BY_RHO_GTPASES","SIG_REGULATION_OF_THE_ACTIN_CYTOSKELETON_BY_RHO_GTPASES","SIG_REGULATION_OF_THE_ACTIN_CYTOSKELETON_BY_RHO_GTPASES",14,-0.264576403043106,-0.708980348177794,0.875410879016011,0.994797919167667,0.994797919167667,2871,"tags=50%, list=57%, signal=21%","Vasp/Rock1/Actr3/Pak2/Rock2/Wasl/Flna"
"NABA_SECRETED_FACTORS","NABA_SECRETED_FACTORS","NABA_SECRETED_FACTORS",25,-0.236870636746067,-0.705303899224671,0.899532710280374,0.994797919167667,0.994797919167667,1249,"tags=24%, list=25%, signal=18%","Tnfsf11/Ccl1/Zfp91/Cxcl10/Ccl25/Vegfa"
"SIG_CHEMOTAXIS","SIG_CHEMOTAXIS","SIG_CHEMOTAXIS",24,-0.231602885137504,-0.685761915325425,0.913039056143206,0.994797919167667,0.994797919167667,2803,"tags=50%, list=56%, signal=22%","Akt3/Rock1/Actr3/Pak2/Itpr2/Pik3ca/Pdpk1/Ppp1r13b/Rock2/Wasl/Pten/Akt2"
"NABA_ECM_REGULATORS","NABA_ECM_REGULATORS","NABA_ECM_REGULATORS",24,-0.203997660948173,-0.604024542313753,0.959519934906428,0.994797919167667,0.994797919167667,2992,"tags=67%, list=60%, signal=27%","Ngly1/Ctsb/Adam8/Ky/P4ha1/Cst3/Serpini1/Ctss/Adam17/Ctso/Ctse/Egln1/Adam9/Serpinb6a/Adam10/Adamts6"
"NABA_MATRISOME","NABA_MATRISOME","NABA_MATRISOME",71,-0.166282208733115,-0.558508970551067,0.994797919167667,0.994797919167667,0.994797919167667,1249,"tags=21%, list=25%, signal=16%","Tnfsf11/Adam9/Crim1/Ccl1/Plxdc2/Ints6l/Serpinb6a/Adam10/Zfp91/Lgals9/Cxcl10/Adamts6/Ccl25/Fn1/Vegfa"
