"","ID","Description","setSize","enrichmentScore","NES","pvalue","p.adjust","qvalue","rank","leading_edge","core_enrichment"
"SA_B_CELL_RECEPTOR_COMPLEXES","SA_B_CELL_RECEPTOR_COMPLEXES","SA_B_CELL_RECEPTOR_COMPLEXES",17,-0.635833765445672,-1.80628062685673,0.00471050049067713,0.0360062281043207,0.0265309049189732,692,"tags=41%, list=11%, signal=37%","Mapk1/Rps6ka3/Sos1/Vav3/Fos/Jun/Lyn"
"SIG_CD40PATHWAYMAP","SIG_CD40PATHWAYMAP","SIG_CD40PATHWAYMAP",23,-0.563723176680235,-1.7361596976154,0.00720124562086415,0.0360062281043207,0.0265309049189732,2013,"tags=74%, list=32%, signal=51%","Mapk9/Traf5/Pik3r1/Pik3cd/Map2k4/Nfkb2/Pik3ca/Mapk14/Traf6/Nfkbie/Nfkbil1/Mapk1/Traf3/Mapk8/Nfkbia/Dusp1/Nfkb1"
"NABA_MATRISOME_ASSOCIATED","NABA_MATRISOME_ASSOCIATED","NABA_MATRISOME_ASSOCIATED",68,0.433385087532079,1.69484469246466,0.00383451059535822,0.0360062281043207,0.0265309049189732,1281,"tags=44%, list=20%, signal=36%","Ccl5/Serpinb9/S100a13/Lgals3/Fasl/Ctse/Ifng/Ctsa/Sema4a/Ctsd/S100a4/Lgals1/Cstb/Ctsw/Plxnc1/Cst7/S100a6/Egln1/Anxa2/S100a11/Tnf/Ctsb/S100a10/Hcfc1/Anxa6/Serpinb6a/Ccl4/Serpinb1a/Cxcl10/Anxa5"
"NABA_MATRISOME","NABA_MATRISOME","NABA_MATRISOME",81,0.386660968748405,1.56390271792587,0.00684793554884189,0.0360062281043207,0.0265309049189732,841,"tags=31%, list=13%, signal=27%","Ccl5/Serpinb9/Crim1/S100a13/Lgals3/Fasl/Ctse/Ifng/Ctsa/Sema4a/Ctsd/Lamb3/S100a4/Lgals1/Cstb/Ctsw/Plxnc1/Cst7/S100a6/Egln1/Anxa2/S100a11/Tnf/Ctsb/S100a10"
"SA_CASPASE_CASCADE","SA_CASPASE_CASCADE","SA_CASPASE_CASCADE",14,0.624543290733948,1.68422896880476,0.0118585156409732,0.0474340625638929,0.0349514145207632,125,"tags=29%, list=2%, signal=28%","Casp3/Gzmb/Prf1/Fasl"
"NABA_ECM_AFFILIATED","NABA_ECM_AFFILIATED","NABA_ECM_AFFILIATED",13,0.587563277399402,1.55245154732664,0.0369072164948454,0.123024054982818,0.09064930367155,1281,"tags=54%, list=20%, signal=43%","Lgals3/Sema4a/Lgals1/Plxnc1/Anxa2/Anxa6/Anxa5"
"SIG_IL4RECEPTOR_IN_B_LYPHOCYTES","SIG_IL4RECEPTOR_IN_B_LYPHOCYTES","SIG_IL4RECEPTOR_IN_B_LYPHOCYTES",24,-0.471020145672681,-1.46430202576105,0.0527647975077882,0.150756564307966,0.111083784226922,1860,"tags=62%, list=29%, signal=44%","Pik3r1/Akt2/Pik3cd/Raf1/Pik3ca/Stat6/Gsk3b/Grb2/Mapk1/Bcl2/Sos1/Ppp1r13b/Akt3/Il4ra/Irs2"
"NABA_ECM_REGULATORS","NABA_ECM_REGULATORS","NABA_ECM_REGULATORS",27,0.450912811580575,1.4463170891413,0.0629084967320261,0.157271241830065,0.115884072927417,480,"tags=30%, list=8%, signal=28%","Serpinb9/Ctse/Ctsa/Ctsd/Cstb/Ctsw/Cst7/Egln1"
"SIG_PIP3_SIGNALING_IN_B_LYMPHOCYTES","SIG_PIP3_SIGNALING_IN_B_LYMPHOCYTES","SIG_PIP3_SIGNALING_IN_B_LYMPHOCYTES",25,-0.442672213411433,-1.38977633450086,0.0765783320342946,0.164464602642477,0.121184444052351,675,"tags=32%, list=11%, signal=29%","Rps6ka3/Ppp1r13b/Cyth3/Foxo3/Itpr2/Akt3/Dapp1/Lyn"
"SIG_BCR_SIGNALING_PATHWAY","SIG_BCR_SIGNALING_PATHWAY","SIG_BCR_SIGNALING_PATHWAY",33,-0.407973977795733,-1.37380970334931,0.0822323013212384,0.164464602642477,0.121184444052351,1860,"tags=52%, list=29%, signal=37%","Pik3r1/Akt2/Pik3cd/Ppp3cb/Raf1/Pik3ca/Gsk3b/Grb2/Itpr1/Nfatc2/Mapk1/Bcl2/Sos1/Ppp1r13b/Itpr2/Akt3/Lyn"
"NABA_SECRETED_FACTORS","NABA_SECRETED_FACTORS","NABA_SECRETED_FACTORS",28,0.394839826030615,1.27901155051623,0.145365455287873,0.264300827796132,0.194747978376097,943,"tags=36%, list=15%, signal=31%","Ccl5/S100a13/Fasl/Ifng/S100a4/S100a6/S100a11/Tnf/S100a10/Hcfc1"
"NABA_CORE_MATRISOME","NABA_CORE_MATRISOME","NABA_CORE_MATRISOME",13,-0.490428595619552,-1.29269180543595,0.164402173913043,0.274003623188406,0.201897406559878,1058,"tags=46%, list=17%, signal=39%","Fgl2/Podnl1/Ints14/Spp1/Spock2/Ints6l"
"SIG_REGULATION_OF_THE_ACTIN_CYTOSKELETON_BY_RHO_GTPASES","SIG_REGULATION_OF_THE_ACTIN_CYTOSKELETON_BY_RHO_GTPASES","SIG_REGULATION_OF_THE_ACTIN_CYTOSKELETON_BY_RHO_GTPASES",17,0.368465357919835,1.04688103667546,0.396780110046872,0.554652213188799,0.408691104454904,1606,"tags=41%, list=25%, signal=31%","Akt1/Flna/Wasl/Pfn1/Gdi2/Cfl1/Cdc42"
"NABA_ECM_GLYCOPROTEINS","NABA_ECM_GLYCOPROTEINS","NABA_ECM_GLYCOPROTEINS",10,-0.42425831788661,-1.04271709362326,0.405894817954151,0.554652213188799,0.408691104454904,410,"tags=40%, list=6%, signal=37%","Fgl2/Ints14/Spp1/Ints6l"
"SA_TRKA_RECEPTOR","SA_TRKA_RECEPTOR","SA_TRKA_RECEPTOR",11,-0.411094401639664,-1.03686626673347,0.415989159891599,0.554652213188799,0.408691104454904,1823,"tags=64%, list=29%, signal=45%","Akt2/Pik3cd/Pik3ca/Grb2/Cdkn1a/Sos1/Akt3"
"SIG_PIP3_SIGNALING_IN_CARDIAC_MYOCTES","SIG_PIP3_SIGNALING_IN_CARDIAC_MYOCTES","SIG_PIP3_SIGNALING_IN_CARDIAC_MYOCTES",37,-0.285636370617973,-0.990860929340919,0.468786808009423,0.585983510011779,0.431777323166574,675,"tags=24%, list=11%, signal=22%","Rps6ka3/Tsc1/Nolc1/Sos1/Ppp1r13b/Cyth3/Foxo3/Akt3/Irs2"
"SA_PTEN_PATHWAY","SA_PTEN_PATHWAY","SA_PTEN_PATHWAY",15,-0.30850545648618,-0.848045484727645,0.669262215300759,0.78736731211854,0.580165387876819,1823,"tags=67%, list=29%, signal=48%","Rbl2/Ptk2b/Pten/Akt2/Pik3cd/Pik3ca/Grb2/Mapk1/Sos1/Akt3"
"WNT_SIGNALING","WNT_SIGNALING","WNT_SIGNALING",31,-0.231518575037949,-0.767314365989845,0.822230981474182,0.863244514106583,0.636074905131166,519,"tags=13%, list=8%, signal=12%","Ccnd3/Lef1/Tcf7/Jun"
"SIG_INSULIN_RECEPTOR_PATHWAY_IN_CARDIAC_MYOCYTES","SIG_INSULIN_RECEPTOR_PATHWAY_IN_CARDIAC_MYOCYTES","SIG_INSULIN_RECEPTOR_PATHWAY_IN_CARDIAC_MYOCYTES",37,-0.216267507237313,-0.750223169212626,0.861994503337259,0.863244514106583,0.636074905131166,1965,"tags=43%, list=31%, signal=30%","Rps6kb1/Pik3r1/Akt2/Pik3cd/Raf1/Pik3ca/Foxo1/Gsk3b/Grb2/Cbl/Mapk1/Rps6ka3/Sos1/Cyth3/Akt3/Irs2"
"SIG_CHEMOTAXIS","SIG_CHEMOTAXIS","SIG_CHEMOTAXIS",28,-0.226039605256771,-0.731369821171385,0.863244514106583,0.863244514106583,0.636074905131166,2000,"tags=46%, list=32%, signal=32%","Rps4x/Pik3r1/Akt2/Pik3cd/Rock1/Arhgap4/Pik3ca/Pak2/Itpr1/Ppp1r13b/Gdi1/Itpr2/Akt3"
